polygon_id,ring_id,is_hole,x_m,y_m
0,0,0,0.066586273552030048,-0.33880337914781522
0,0,0,0.066430000000000003,-0.33885999999999999
0,0,0,0.066505809232819194,-0.33794642790775931
0,0,0,0.065960000000000005,-0.33815000000000001
0,0,0,0.066173841675082223,-0.33513634228002487
0,0,0,0.055320000000000001,-0.33295000000000002
0,0,0,0.037199999999999997,-0.32929999999999998
0,0,0,0.014870000000000005,-0.33323999999999998
0,0,0,-0.0075399999999999998,-0.33689000000000002
0,0,0,-0.030039999999999997,-0.34026000000000001
0,0,0,-0.042750000000000003,-0.33894999999999997
0,0,0,-0.055469999999999978,-0.33765000000000001
0,0,0,-0.068179999999999991,-0.33633999999999997
0,0,0,-0.091619999999999993,-0.33391999999999999
0,0,0,-0.11513,-0.33122000000000001
0,0,0,-0.13869000000000001,-0.32823999999999998
0,0,0,-0.15928999999999999,-0.32800000000000001
0,0,0,-0.17993000000000001,-0.32752999999999999
0,0,0,-0.2006,-0.32682
0,0,0,-0.22670999999999999,-0.32200000000000001
0,0,0,-0.25283,-0.31702999999999998
0,0,0,-0.27711000000000002,-0.31246000000000002
0,0,0,-0.30138999999999999,-0.30758000000000002
0,0,0,-0.32568000000000003,-0.30238999999999999
0,0,0,-0.34940999999999989,-0.29478000000000004
0,0,0,-0.37314000000000003,-0.28692000000000001
0,0,0,-0.39684999999999998,-0.27882000000000001
0,0,0,-0.41725999999999996,-0.26957999999999999
0,0,0,-0.43766999999999995,-0.26028000000000007
0,0,0,-0.45807999999999999,-0.25091999999999998
0,0,0,-0.48522999999999999,-0.23913999999999999
0,0,0,-0.51232,-0.22703000000000001
0,0,0,-0.53159000000000001,-0.21825
0,0,0,-0.55081000000000002,-0.20924000000000001
0,0,0,-0.56996999999999987,-0.20000000000000004
0,0,0,-0.58967999999999998,-0.18804000000000001
0,0,0,-0.60933000000000004,-0.1759
0,0,0,-0.62892000000000003,-0.16356000000000001
0,0,0,-0.64803999999999995,-0.15021999999999999
0,0,0,-0.66708000000000001,-0.13671
0,0,0,-0.68606,-0.12300999999999999
0,0,0,-0.70555000000000001,-0.10772
0,0,0,-0.72492999999999996,-0.092170000000000002
0,0,0,-0.74417999999999995,-0.076369999999999993
0,0,0,-0.75697999999999999,-0.062
0,0,0,-0.76976999999999995,-0.047600000000000003
0,0,0,-0.7825399999999999,-0.033180000000000091
0,0,0,-0.80169000000000001,-0.015320000000000025
0,0,0,-0.82069000000000003,0.0027899999999999999
0,0,0,-0.83828000000000003,0.021409999999999998
0,0,0,-0.85573999999999995,0.040230000000000002
0,0,0,-0.87307000000000001,0.059220000000000002
0,0,0,-0.8881,0.077289999999999998
0,0,0,-0.90293000000000001,0.095600000000000004
0,0,0,-0.91756000000000004,0.11416
0,0,0,-0.92954999999999999,0.13506000000000001
0,0,0,-0.94147999999999998,0.15603
0,0,0,-0.95335999999999999,0.17707000000000001
0,0,0,-0.96472000000000002,0.19868
0,0,0,-0.97604000000000002,0.22034999999999999
0,0,0,-0.98731000000000002,0.24207000000000001
0,0,0,-0.99851999999999996,0.26384000000000002
0,0,0,-1.00671,0.28292
0,0,0,-1.0148600000000001,0.30203999999999998
0,0,0,-1.02298,0.32118999999999998
0,0,0,-1.03105,0.34039000000000003
0,0,0,-1.03908,0.35960999999999999
0,0,0,-1.0472300000000001,0.38084000000000001
0,0,0,-1.0553300000000001,0.40211999999999998
0,0,0,-1.06338,0.42342999999999997
0,0,0,-1.0713900000000001,0.44477
0,0,0,-1.07934,0.46616000000000002
0,0,0,-1.0854200000000001,0.48723
0,0,0,-1.09144,0.50834000000000001
0,0,0,-1.09741,0.52949000000000002
0,0,0,-1.1033299999999999,0.55066999999999999
0,0,0,-1.1092,0.57189000000000001
0,0,0,-1.1134500000000001,0.59218000000000004
0,0,0,-1.1176999999999999,0.61248000000000002
0,0,0,-1.1219300000000001,0.63278999999999996
0,0,0,-1.12615,0.65310000000000001
0,0,0,-1.13035,0.67342999999999997
0,0,0,-1.1345499999999999,0.69376000000000004
0,0,0,-1.13873,0.71409
0,0,0,-1.1429,0.73443999999999998
0,0,0,-1.1453800000000001,0.75483
0,0,0,-1.1478699999999999,0.77522000000000002
0,0,0,-1.15035,0.79561999999999999
0,0,0,-1.15282,0.81601999999999997
0,0,0,-1.1552899999999999,0.83642000000000005
0,0,0,-1.1577500000000001,0.85682999999999998
0,0,0,-1.16021,0.87724000000000002
0,0,0,-1.1626700000000001,0.89764999999999995
0,0,0,-1.1651100000000001,0.91805999999999999
0,0,0,-1.1675500000000001,0.93847999999999998
0,0,0,-1.1699900000000001,0.95889999999999997
0,0,0,-1.1717200000000001,0.97933999999999999
0,0,0,-1.17344,0.99978999999999996
0,0,0,-1.17516,1.02023
0,0,0,-1.1768799999999999,1.04068
0,0,0,-1.17859,1.0611200000000001
0,0,0,-1.1802999999999999,1.0815699999999999
0,0,0,-1.18201,1.10202
0,0,0,-1.1837200000000001,1.1224700000000001
0,0,0,-1.1854199999999999,1.1429199999999999
0,0,0,-1.18712,1.1633800000000001
0,0,0,-1.18882,1.1838299999999999
0,0,0,-1.1897200000000001,1.20442
0,0,0,-1.19062,1.2250099999999999
0,0,0,-1.1915199999999999,1.2456
0,0,0,-1.19242,1.2661899999999999
0,0,0,-1.1933199999999999,1.28678
0,0,0,-1.19421,1.3073699999999999
0,0,0,-1.1951099999999999,1.32796
0,0,0,-1.196,1.34856
0,0,0,-1.19689,1.3691500000000001
0,0,0,-1.1977899999999999,1.38974
0,0,0,-1.19868,1.4103399999999999
0,0,0,-1.19889,1.4285099999999999
0,0,0,-1.1991000000000001,1.44668
0,0,0,-1.1993100000000001,1.46485
0,0,0,-1.1995199999999999,1.48302
0,0,0,-1.1997199999999999,1.50119
0,0,0,-1.1999299999999999,1.51936
0,0,0,-1.20014,1.5375300000000001
0,0,0,-1.20034,1.5557099999999999
0,0,0,-1.20055,1.5738799999999999
0,0,0,-1.20076,1.59205
0,0,0,-1.20096,1.6102300000000001
0,0,0,-1.2020299999999999,1.62927
0,0,0,-1.20309,1.64832
0,0,0,-1.2041599999999999,1.66736
0,0,0,-1.20523,1.68641
0,0,0,-1.2062900000000001,1.70546
0,0,0,-1.20736,1.7244999999999999
0,0,0,-1.20842,1.7435499999999999
0,0,0,-1.20949,1.7625999999999999
0,0,0,-1.21055,1.7816399999999999
0,0,0,-1.2116199999999999,1.8006899999999999
0,0,0,-1.21269,1.8197300000000001
0,0,0,-1.21367,1.8394900000000001
0,0,0,-1.21465,1.8592500000000001
0,0,0,-1.21563,1.8790100000000001
0,0,0,-1.21661,1.8987700000000001
0,0,0,-1.2175800000000001,1.9185399999999999
0,0,0,-1.2185600000000001,1.9382999999999999
0,0,0,-1.2195199999999999,1.95807
0,0,0,-1.2204900000000001,1.97783
0,0,0,-1.2214499999999999,1.9976
0,0,0,-1.2224200000000001,2.0173700000000001
0,0,0,-1.2233700000000001,2.03714
0,0,0,-1.22342,2.0557300000000001
0,0,0,-1.22346,2.0743200000000002
0,0,0,-1.2235,2.0929199999999999
0,0,0,-1.2235499999999999,2.11151
0,0,0,-1.22359,2.1301000000000001
0,0,0,-1.22363,2.1486900000000002
0,0,0,-1.22367,2.1672899999999999
0,0,0,-1.2237100000000001,2.18588
0,0,0,-1.22376,2.2044700000000002
0,0,0,-1.2238,2.2230599999999998
0,0,0,-1.22384,2.2416499999999999
0,0,0,-1.2240200000000001,2.2601599999999999
0,0,0,-1.2241899999999999,2.2786599999999999
0,0,0,-1.2243599999999999,2.2971599999999999
0,0,0,-1.22454,2.3156599999999998
0,0,0,-1.22471,2.3341699999999999
0,0,0,-1.22488,2.3526699999999998
0,0,0,-1.22505,2.3711799999999998
0,0,0,-1.22522,2.3896799999999998
0,0,0,-1.22539,2.4081800000000002
0,0,0,-1.22556,2.4266899999999998
0,0,0,-1.22573,2.4451900000000002
0,0,0,-1.2259,2.4636999999999998
0,0,0,-1.2263900000000001,2.4834800000000001
0,0,0,-1.22689,2.50326
0,0,0,-1.2273799999999999,2.5230399999999999
0,0,0,-1.22787,2.5428199999999999
0,0,0,-1.2283599999999999,2.5626000000000002
0,0,0,-1.22885,2.5823800000000001
0,0,0,-1.2293400000000001,2.6021700000000001
0,0,0,-1.22983,2.62195
0,0,0,-1.2303200000000001,2.6417299999999999
0,0,0,-1.23081,2.6615099999999998
0,0,0,-1.2313000000000001,2.6812900000000002
0,0,0,-1.2318199999999999,2.70092
0,0,0,-1.23234,2.7205499999999998
0,0,0,-1.2328600000000001,2.74017
0,0,0,-1.2333700000000001,2.7597999999999998
0,0,0,-1.2338899999999999,2.7794300000000001
0,0,0,-1.23441,2.7990499999999998
0,0,0,-1.2349300000000001,2.8186800000000001
0,0,0,-1.2354499999999999,2.8383099999999999
0,0,0,-1.2359599999999999,2.8579400000000001
0,0,0,-1.23648,2.8775599999999999
0,0,0,-1.2370000000000001,2.8971900000000002
0,0,0,-1.23776,2.9156900000000001
0,0,0,-1.2385200000000001,2.9342000000000001
0,0,0,-1.2392799999999999,2.9527100000000002
0,0,0,-1.24004,2.9712100000000001
0,0,0,-1.2407999999999999,2.9897200000000002
0,0,0,-1.24156,3.0082200000000001
0,0,0,-1.2423200000000001,3.0267300000000001
0,0,0,-1.24308,3.0452300000000001
0,0,0,-1.2438400000000001,3.0637400000000001
0,0,0,-1.2445999999999999,3.0822400000000001
0,0,0,-1.24536,3.1007500000000001
0,0,0,-1.24586,3.1197699999999999
0,0,0,-1.2463500000000001,3.1387800000000001
0,0,0,-1.2468399999999999,3.1577899999999999
0,0,0,-1.2473399999999999,3.1768100000000001
0,0,0,-1.24783,3.1958299999999999
0,0,0,-1.2483200000000001,3.2148400000000001
0,0,0,-1.2487999999999999,3.23386
0,0,0,-1.24929,3.2528800000000002
0,0,0,-1.24977,3.2719
0,0,0,-1.2502599999999999,3.2909099999999998
0,0,0,-1.25074,3.30993
0,0,0,-1.25122,3.3289499999999999
0,0,0,-1.25054,3.3675299999999999
0,0,0,-1.2501899999999999,3.3868200000000002
0,0,0,-1.2498499999999999,3.40611
0,0,0,-1.2495000000000001,3.4253900000000002
0,0,0,-1.24916,3.44468
0,0,0,-1.24881,3.4639700000000002
0,0,0,-1.24847,3.48326
0,0,0,-1.2481199999999999,3.5025499999999998
0,0,0,-1.2477799999999999,3.5218400000000001
0,0,0,-1.24743,3.5411199999999998
0,0,0,-1.24777,3.56053
0,0,0,-1.2481,3.5799400000000001
0,0,0,-1.24844,3.5993499999999998
0,0,0,-1.2487699999999999,3.61876
0,0,0,-1.2491099999999999,3.6381700000000001
0,0,0,-1.2494400000000001,3.6575799999999998
0,0,0,-1.24977,3.67699
0,0,0,-1.2501,3.6964100000000002
0,0,0,-1.2504299999999999,3.7158199999999999
0,0,0,-1.2507600000000001,3.7352300000000001
0,0,0,-1.25109,3.7546400000000002
0,0,0,-1.25099,3.7730999999999999
0,0,0,-1.25088,3.7915700000000001
0,0,0,-1.2507699999999999,3.8100299999999998
0,0,0,-1.2506600000000001,3.8285
0,0,0,-1.25054,3.8469699999999998
0,0,0,-1.2504200000000001,3.8654299999999999
0,0,0,-1.2500599999999999,3.9208400000000001
0,0,0,-1.24993,3.9393199999999999
0,0,0,-1.2498,3.9577900000000001
0,0,0,-1.2508300000000001,3.9752399999999999
0,0,0,-1.25186,3.9926900000000001
0,0,0,-1.2528900000000001,4.0101399999999998
0,0,0,-1.2539199999999999,4.0275999999999996
0,0,0,-1.2549399999999999,4.0450499999999998
0,0,0,-1.25596,4.0625099999999996
0,0,0,-1.2569699999999999,4.0799599999999998
0,0,0,-1.2579899999999999,4.0974199999999996
0,0,0,-1.2589999999999999,4.1148800000000003
0,0,0,-1.2600100000000001,4.1323499999999997
0,0,0,-1.26101,4.1498100000000004
0,0,0,-1.2620100000000001,4.1672700000000003
0,0,0,-1.2634799999999999,4.1854800000000001
0,0,0,-1.26495,4.2036899999999999
0,0,0,-1.2664200000000001,4.2218999999999998
0,0,0,-1.2678799999999999,4.2401099999999996
0,0,0,-1.26935,4.2583099999999998
0,0,0,-1.2708200000000001,4.2765199999999997
0,0,0,-1.2722899999999999,4.2947300000000004
0,0,0,-1.2737499999999999,4.3129400000000002
0,0,0,-1.27522,4.3311500000000001
0,0,0,-1.2766900000000001,4.3493599999999999
0,0,0,-1.2781499999999999,4.3675699999999997
0,0,0,-1.27962,4.3857799999999996
0,0,0,-1.28088,4.4031200000000004
0,0,0,-1.2821499999999999,4.4204699999999999
0,0,0,-1.2834000000000001,4.4378200000000003
0,0,0,-1.2846599999999999,4.4551800000000004
0,0,0,-1.2859100000000001,4.4725299999999999
0,0,0,-1.2871600000000001,4.4898899999999999
0,0,0,-1.2884100000000001,4.5072400000000004
0,0,0,-1.28965,4.5246000000000004
0,0,0,-1.2908999999999999,4.5419600000000004
0,0,0,-1.2921400000000001,4.5593199999999996
0,0,0,-1.2933699999999999,4.5766900000000001
0,0,0,-1.29575,4.5944000000000003
0,0,0,-1.29813,4.6121100000000004
0,0,0,-1.3005100000000001,4.6298300000000001
0,0,0,-1.30288,4.6475400000000002
0,0,0,-1.3052600000000001,4.66526
0,0,0,-1.3076300000000001,4.6829799999999997
0,0,0,-1.3100099999999999,4.7006899999999998
0,0,0,-1.3123800000000001,4.7184100000000004
0,0,0,-1.3147500000000001,4.7361300000000002
0,0,0,-1.3171200000000001,4.7538499999999999
0,0,0,-1.3194900000000001,4.7715699999999996
0,0,0,-1.32277,4.7924600000000002
0,0,0,-1.3260400000000001,4.8133499999999998
0,0,0,-1.32931,4.8342400000000003
0,0,0,-1.33257,4.8551299999999999
0,0,0,-1.3358300000000001,4.8760300000000001
0,0,0,-1.3390899999999999,4.8969300000000002
0,0,0,-1.3423400000000001,4.9178300000000004
0,0,0,-1.3455900000000001,4.9387400000000001
0,0,0,-1.3514600000000001,4.9655699999999996
0,0,0,-1.3571,4.9925300000000004
0,0,0,-1.3625,5.0195999999999996
0,0,0,-1.3656299999999999,5.0401400000000001
0,0,0,-1.36863,5.0607300000000004
0,0,0,-1.3714900000000001,5.0813800000000002
0,0,0,-1.3738999999999999,5.1009000000000002
0,0,0,-1.37605,5.12052
0,0,0,-1.3779399999999999,5.1402299999999999
0,0,0,-1.3803000000000001,5.1624999999999996
0,0,0,-1.3822700000000001,5.1848799999999997
0,0,0,-1.38384,5.2073499999999999
0,0,0,-1.38154,5.2278900000000004
0,0,0,-1.3791500000000001,5.2484400000000004
0,0,0,-1.37826,5.26633
0,0,0,-1.37707,5.2842599999999997
0,0,0,-1.3755599999999999,5.3022200000000002
0,0,0,-1.37375,5.3202100000000003
0,0,0,-1.3717600000000001,5.3399999999999999
0,0,0,-1.36948,5.3598100000000004
0,0,0,-1.36191,5.3804499999999997
0,0,0,-1.35422,5.4010800000000003
0,0,0,-1.3491,5.4230400000000003
0,0,0,-1.34358,5.4449699999999996
0,0,0,-1.33534,5.4690099999999999
0,0,0,-1.32683,5.4930099999999999
0,0,0,-1.31915,5.5131600000000001
0,0,0,-1.31108,5.5332400000000002
0,0,0,-1.3010299999999999,5.55342
0,0,0,-1.2905500000000001,5.5734899999999996
0,0,0,-1.2836700000000001,5.5881600000000002
0,0,0,-1.27651,5.6027399999999998
0,0,0,-1.2690699999999999,5.61721
0,0,0,-1.2613399999999999,5.6315799999999996
0,0,0,-1.24875,5.6484800000000002
0,0,0,-1.2359199999999999,5.6652899999999997
0,0,0,-1.2264699999999999,5.6792299999999996
0,0,0,-1.2167600000000001,5.6930399999999999
0,0,0,-1.20678,5.7067100000000002
0,0,0,-1.1897500000000001,5.7237299999999998
0,0,0,-1.17245,5.7405799999999996
0,0,0,-1.1578299999999999,5.7556200000000004
0,0,0,-1.14286,5.77041
0,0,0,-1.1275500000000001,5.7849399999999997
0,0,0,-1.11327,5.7968099999999998
0,0,0,-1.0988199999999999,5.8085199999999997
0,0,0,-1.0841799999999999,5.8200799999999999
0,0,0,-1.06745,5.8305999999999996
0,0,0,-1.05053,5.8409199999999997
0,0,0,-1.0334099999999999,5.8510400000000002
0,0,0,-1.01732,5.8603100000000001
0,0,0,-1.0010300000000001,5.8693400000000002
0,0,0,-0.98455999999999999,5.8781299999999996
0,0,0,-0.96043000000000001,5.88849
0,0,0,-0.93608000000000002,5.8985399999999997
0,0,0,-0.91871999999999998,5.9056100000000002
0,0,0,-0.90120999999999996,5.9124400000000001
0,0,0,-0.88356999999999997,5.9190300000000002
0,0,0,-0.86546999999999996,5.9243199999999998
0,0,0,-0.84728000000000003,5.9294000000000002
0,0,0,-0.82898000000000005,5.9342699999999997
0,0,0,-0.81198000000000004,5.9383100000000004
0,0,0,-0.79486000000000001,5.9420400000000004
0,0,0,-0.77761000000000002,5.9454599999999997
0,0,0,-0.76024999999999998,5.94855
0,0,0,-0.73675000000000002,5.9517899999999999
0,0,0,-0.71313000000000004,5.9546099999999997
0,0,0,-0.68940999999999997,5.9570100000000004
0,0,0,-0.67079,5.9557599999999997
0,0,0,-0.65212000000000003,5.9542900000000003
0,0,0,-0.63341999999999998,5.9525899999999998
0,0,0,-0.61133000000000004,5.9511500000000002
0,0,0,-0.58918000000000004,5.9492700000000003
0,0,0,-0.56701999999999997,5.9469599999999998
0,0,0,-0.54607000000000006,5.9411699999999996
0,0,0,-0.52512000000000003,5.9352799999999997
0,0,0,-0.50051000000000001,5.9292400000000001
0,0,0,-0.47591,5.92286
0,0,0,-0.45839999999999997,5.9159100000000002
0,0,0,-0.44089,5.9089200000000002
0,0,0,-0.42359000000000002,5.9031099999999999
0,0,0,-0.40632000000000001,5.8969899999999997
0,0,0,-0.37763999999999998,5.8871500000000001
0,0,0,-0.34902,5.87697
0,0,0,-0.32235999999999998,5.86409
0,0,0,-0.29579,5.8508199999999997
0,0,0,-0.27855999999999997,5.8428399999999998
0,0,0,-0.26141999999999999,5.8345399999999996
0,0,0,-0.24439,5.82592
0,0,0,-0.22747000000000001,5.81698
0,0,0,-0.20946000000000001,5.8035600000000001
0,0,0,-0.19157000000000002,5.7898699999999996
0,0,0,-0.17380999999999999,5.7759099999999997
0,0,0,-0.15528,5.7585899999999999
0,0,0,-0.13680000000000006,5.7411799999999999
0,0,0,-0.11836000000000002,5.7236799999999999
0,0,0,-0.10231000000000001,5.7097100000000003
0,0,0,-0.086480000000000001,5.6954000000000002
0,0,0,-0.070860000000000006,5.6807299999999996
0,0,0,-0.055480000000000002,5.6657400000000004
0,0,0,-0.037200000000000011,5.6424200000000004
0,0,0,-0.019109999999999988,5.6188500000000001
0,0,0,-0.0012200000000000058,5.5950499999999996
0,0,0,0.0072100000000000107,5.5789400000000002
0,0,0,0.015619999999999981,5.5627899999999997
0,0,0,0.023989999999999987,5.5466100000000003
0,0,0,0.035970000000000023,5.5269500000000003
0,0,0,0.047889999999999988,5.5072200000000002
0,0,0,0.059740000000000029,5.4874299999999998
0,0,0,0.071519999999999986,5.4675700000000003
0,0,0,0.08165,5.4452600000000002
0,0,0,0.091679999999999998,5.42286
0,0,0,0.10161000000000001,5.4003699999999997
0,0,0,0.11143,5.3777900000000001
0,0,0,0.12114999999999999,5.3551200000000003
0,0,0,0.1288,5.3324699999999998
0,0,0,0.13641,5.3097899999999996
0,0,0,0.14398,5.2870699999999999
0,0,0,0.15151000000000001,5.2643199999999997
0,0,0,0.15898999999999999,5.2415500000000002
0,0,0,0.16331999999999999,5.2225299999999999
0,0,0,0.16764000000000001,5.2035099999999996
0,0,0,0.17194999999999999,5.1844799999999998
0,0,0,0.17624999999999999,5.1654499999999999
0,0,0,0.18054999999999999,5.1464100000000004
0,0,0,0.18484,5.12737
0,0,0,0.18912000000000001,5.10832
0,0,0,0.19383,5.08725
0,0,0,0.19853000000000001,5.0661699999999996
0,0,0,0.20322000000000001,5.0450799999999996
0,0,0,0.20788999999999999,5.0239799999999999
0,0,0,0.21254999999999999,5.0028800000000002
0,0,0,0.2172,4.98177
0,0,0,0.22183,4.9606500000000002
0,0,0,0.22645000000000001,4.9395300000000004
0,0,0,0.22917999999999999,4.9185400000000001
0,0,0,0.23189000000000001,4.8975600000000004
0,0,0,0.2346,4.8765700000000001
0,0,0,0.23730999999999999,4.8555700000000002
0,0,0,0.24001,4.8345799999999999
0,0,0,0.24807999999999999,4.7715800000000002
0,0,0,0.25074999999999997,4.7505699999999997
0,0,0,0.25342999999999999,4.7295600000000002
0,0,0,0.25608999999999998,4.7085499999999998
0,0,0,0.25763000000000003,4.6898499999999999
0,0,0,0.25917000000000001,4.6711600000000004
0,0,0,0.26071,4.6524599999999996
0,0,0,0.26379000000000002,4.6150799999999998
0,0,0,0.26533000000000001,4.5963799999999999
0,0,0,0.26687,4.5776899999999996
0,0,0,0.26840999999999998,4.5589899999999997
0,0,0,0.26995000000000002,4.5403000000000002
0,0,0,0.27148,4.5216000000000003
0,0,0,0.27301999999999998,4.50291
0,0,0,0.27456000000000003,4.48421
0,0,0,0.2782,4.4463699999999999
0,0,0,0.28001999999999999,4.4274399999999998
0,0,0,0.28183999999999998,4.4085200000000002
0,0,0,0.28548000000000001,4.37066
0,0,0,0.28728999999999999,4.3517400000000004
0,0,0,0.28910999999999998,4.3328100000000003
0,0,0,0.29092000000000001,4.3138800000000002
0,0,0,0.29274,4.2949599999999997
0,0,0,0.29454999999999998,4.2760300000000004
0,0,0,0.29576999999999998,4.2556399999999996
0,0,0,0.29819000000000001,4.2148599999999998
0,0,0,0.29941000000000001,4.1944699999999999
0,0,0,0.30062,4.17408
0,0,0,0.30181999999999998,4.1536900000000001
0,0,0,0.30303000000000002,4.1333000000000002
0,0,0,0.30423,4.1128999999999998
0,0,0,0.30543999999999999,4.0925099999999999
0,0,0,0.30664000000000002,4.0721100000000003
0,0,0,0.30784,4.0517200000000004
0,0,0,0.30841000000000002,4.0325699999999998
0,0,0,0.30954999999999999,3.9942899999999999
0,0,0,0.31012000000000001,3.9751400000000001
0,0,0,0.31069999999999998,3.956
0,0,0,0.31126999999999999,3.9368599999999998
0,0,0,0.31184000000000001,3.91771
0,0,0,0.31297999999999998,3.8794300000000002
0,0,0,0.31355,3.8602799999999999
0,0,0,0.31412000000000001,3.8411400000000002
0,0,0,0.31469000000000003,3.82199
0,0,0,0.31578000000000001,3.8031700000000002
0,0,0,0.31688,3.7843399999999998
0,0,0,0.31796999999999997,3.76552
0,0,0,0.31906000000000001,3.7466900000000001
0,0,0,0.32014999999999999,3.7278699999999998
0,0,0,0.32124999999999998,3.7090399999999999
0,0,0,0.32234000000000002,3.69021
0,0,0,0.32343,3.6713900000000002
0,0,0,0.32451999999999998,3.6525599999999998
0,0,0,0.32562000000000002,3.63374
0,0,0,0.32779999999999998,3.5960800000000002
0,0,0,0.32839000000000002,3.5764300000000002
0,0,0,0.32896999999999998,3.5567799999999998
0,0,0,0.32955000000000001,3.53714
0,0,0,0.33013999999999999,3.51749
0,0,0,0.33072000000000001,3.4978400000000001
0,0,0,0.33130999999999999,3.4781900000000001
0,0,0,0.33246999999999999,3.4388899999999998
0,0,0,0.33306000000000002,3.4192399999999998
0,0,0,0.33422000000000002,3.3799399999999999
0,0,0,0.33478999999999998,3.3610199999999999
0,0,0,0.33590999999999999,3.3231999999999999
0,0,0,0.33646999999999999,3.3042799999999999
0,0,0,0.33704000000000001,3.2853699999999999
0,0,0,0.33760000000000001,3.2664599999999999
0,0,0,0.33816000000000002,3.2475399999999999
0,0,0,0.33872000000000002,3.2286299999999999
0,0,0,0.33928000000000003,3.2097099999999998
0,0,0,0.33983999999999998,3.1907999999999999
0,0,0,0.34039000000000003,3.1718799999999998
0,0,0,0.34161999999999998,3.15164
0,0,0,0.34283999999999998,3.1314000000000002
0,0,0,0.34406999999999999,3.1111599999999999
0,0,0,0.34650999999999998,3.0706799999999999
0,0,0,0.34772999999999998,3.05043
0,0,0,0.35016999999999998,3.0099499999999999
0,0,0,0.35138999999999998,2.9897
0,0,0,0.35260000000000002,2.9694600000000002
0,0,0,0.35382000000000002,2.9492099999999999
0,0,0,0.35424,2.9297300000000002
0,0,0,0.35466999999999999,2.9102399999999999
0,0,0,0.35509000000000002,2.8907600000000002
0,0,0,0.35550999999999999,2.87127
0,0,0,0.35592000000000001,2.8517800000000002
0,0,0,0.35633999999999999,2.83229
0,0,0,0.35715999999999998,2.79331
0,0,0,0.35757,2.7738100000000001
0,0,0,0.35837000000000002,2.7348300000000001
0,0,0,0.35844999999999999,2.6968899999999998
0,0,0,0.35848000000000002,2.6779199999999999
0,0,0,0.35852000000000001,2.6589499999999999
0,0,0,0.35854999999999998,2.63998
0,0,0,0.35859000000000002,2.6210100000000001
0,0,0,0.35861999999999999,2.6020400000000001
0,0,0,0.35865999999999998,2.5830700000000002
0,0,0,0.35871999999999998,2.5451299999999999
0,0,0,0.35876000000000002,2.5261499999999999
0,0,0,0.35648000000000002,2.4544299999999999
0,0,0,0.35589999999999999,2.4365000000000001
0,0,0,0.35476000000000002,2.4006400000000001
0,0,0,0.35360000000000003,2.3647800000000001
0,0,0,0.35303000000000001,2.3468399999999998
0,0,0,0.35244999999999999,2.32891
0,0,0,0.35249000000000003,2.3115000000000001
0,0,0,0.35258,2.2592699999999999
0,0,0,0.35260000000000002,2.2418499999999999
0,0,0,0.35261999999999999,2.22444
0,0,0,0.35265999999999997,2.1896
0,0,0,0.35267999999999999,2.15476
0,0,0,0.35267999999999999,2.13734
0,0,0,0.35339999999999999,2.1185399999999999
0,0,0,0.35482000000000002,2.08094
0,0,0,0.35554000000000002,2.0621499999999999
0,0,0,0.35766999999999999,2.0057499999999999
0,0,0,0.35838999999999999,1.9869600000000001
0,0,0,0.36123,1.9117599999999999
0,0,0,0.36182999999999998,1.8938900000000001
0,0,0,0.36303000000000002,1.8581300000000001
0,0,0,0.36362,1.8402499999999999
0,0,0,0.36421999999999999,1.8223800000000001
0,0,0,0.36481999999999998,1.8045
0,0,0,0.36599999999999999,1.76874
0,0,0,0.36659999999999998,1.7508600000000001
0,0,0,0.36836999999999998,1.69722
0,0,0,0.36902000000000001,1.67974
0,0,0,0.36965999999999999,1.66225
0,0,0,0.37029000000000001,1.64476
0,0,0,0.37153000000000003,1.6097600000000001
0,0,0,0.37273000000000001,1.57474
0,0,0,0.37330999999999998,1.5572299999999999
0,0,0,0.37389,1.5397099999999999
0,0,0,0.37446000000000002,1.5221800000000001
0,0,0,0.37502000000000002,1.50465
0,0,0,0.377,1.4881500000000001
0,0,0,0.37896999999999997,1.4716499999999999
0,0,0,0.38094,1.4551400000000001
0,0,0,0.38290000000000002,1.4386300000000001
0,0,0,0.38485000000000003,1.42211
0,0,0,0.38679000000000002,1.4055899999999999
0,0,0,0.39065,1.37253
0,0,0,0.39449000000000001,1.33945
0,0,0,0.39639000000000002,1.32291
0,0,0,0.39928000000000002,1.3047299999999999
0,0,0,0.40216000000000002,1.2865599999999999
0,0,0,0.40503,1.2683800000000001
0,0,0,0.40790999999999999,1.2502
0,0,0,0.41077999999999998,1.2320199999999999
0,0,0,0.41365000000000002,1.21383
0,0,0,0.41650999999999999,1.1956500000000001
0,0,0,0.41937999999999998,1.17746
0,0,0,0.42796000000000001,1.1228899999999999
0,0,0,0.43149999999999999,1.1053500000000001
0,0,0,0.43504999999999999,1.0878099999999999
0,0,0,0.43858999999999998,1.0702799999999999
0,0,0,0.44213000000000002,1.05274
0,0,0,0.44567000000000001,1.0351900000000001
0,0,0,0.44919999999999999,1.0176499999999999
0,0,0,0.45273999999999998,1.0001100000000001
0,0,0,0.46333000000000002,0.94745999999999997
0,0,0,0.46684999999999999,0.92991000000000001
0,0,0,0.47221999999999997,0.91017999999999999
0,0,0,0.47758,0.89044000000000001
0,0,0,0.48293999999999998,0.87068999999999996
0,0,0,0.48829,0.85094000000000003
0,0,0,0.49363000000000001,0.83118999999999998
0,0,0,0.50429000000000002,0.79166999999999998
0,0,0,0.51493,0.75212999999999997
0,0,0,0.52553000000000005,0.71257000000000004
0,0,0,0.53169999999999995,0.68679000000000001
0,0,0,0.53754000000000002,0.66081000000000001
0,0,0,0.54303999999999997,0.63465000000000005
0,0,0,0.54820000000000002,0.60831000000000002
0,0,0,0.54991000000000001,0.59077999999999997
0,0,0,0.55161000000000004,0.57323999999999997
0,0,0,0.55330999999999997,0.55571000000000004
0,0,0,0.55544000000000004,0.5333
0,0,0,0.55750999999999995,0.51085999999999998
0,0,0,0.55952000000000002,0.4884
0,0,0,0.56498999999999999,0.45977000000000001
0,0,0,0.57004999999999995,0.43097000000000002
0,0,0,0.57203000000000004,0.40399000000000002
0,0,0,0.57367999999999997,0.37691000000000002
0,0,0,0.57579000000000002,0.35421000000000002
0,0,0,0.57752000000000003,0.33141999999999999
0,0,0,0.57886000000000004,0.30853000000000003
0,0,0,0.57769000000000004,0.28282000000000002
0,0,0,0.57613999999999999,0.25705
0,0,0,0.57242000000000004,0.23028000000000001
0,0,0,0.56827000000000005,0.20346
0,0,0,0.56542999999999999,0.18543000000000001
0,0,0,0.56235999999999997,0.16740000000000005
0,0,0,0.55906999999999996,0.14935999999999999
0,0,0,0.55481999999999998,0.13259000000000004
0,0,0,0.55047999999999997,0.11581999999999996
0,0,0,0.54359999999999997,0.092410000000000006
0,0,0,0.53627999999999998,0.069040000000000004
0,0,0,0.53190999999999999,0.053530000000000001
0,0,0,0.52730999999999995,0.038050000000000028
0,0,0,0.52249999999999996,0.022599999999999999
0,0,0,0.51619000000000004,0.0074799999999999997
0,0,0,0.50961999999999996,-0.0075799999999999782
0,0,0,0.50280000000000002,-0.022589999999999999
0,0,0,0.49667,-0.036549999999999999
0,0,0,0.49034000000000005,-0.050449999999999919
0,0,0,0.48380000000000001,-0.06429
0,0,0,0.47316000000000003,-0.082549999999999998
0,0,0,0.46212999999999999,-0.10067
0,0,0,0.44807000000000002,-0.11738
0,0,0,0.43759999999999999,-0.13156999999999999
0,0,0,0.42681999999999998,-0.14560999999999996
0,0,0,0.41637999999999997,-0.16084999999999997
0,0,0,0.40560000000000002,-0.17588999999999999
0,0,0,0.39682000000000001,-0.18702999999999997
0,0,0,0.38784000000000002,-0.19803000000000001
0,0,0,0.37866,-0.2089
0,0,0,0.36825000000000002,-0.22116
0,0,0,0.35759000000000002,-0.23321999999999998
0,0,0,0.34777999999999998,-0.24248
0,0,0,0.33774999999999999,-0.25153999999999999
0,0,0,0.32749,-0.26041999999999998
0,0,0,0.31525999999999998,-0.26982
0,0,0,0.30697999999999998,-0.26910000000000001
0,0,0,0.29993999999999998,-0.27091999999999999
0,0,0,0.29268,-0.27306000000000002
0,0,0,0.28732999999999997,-0.27009
0,0,0,0.28608,-0.27329999999999999
0,0,0,0.28089999999999993,-0.27080999999999994
0,0,0,0.28079999999999999,-0.27078000000000002
0,0,0,0.10850375615604779,0.13359104610247335
0,0,0,0.075470000000000037,-0.33461999999999936
0,0,0,0.073511206992931177,-0.33558898969298917
0,0,0,0.073440000000000005,-0.33660000000000001
0,0,0,0.072038255606837562,-0.33631763978835305
0,0,0,0.068555567637892223,-0.33804048070805576
0,0,0,0.068500000000000005,-0.33871000000000001
0,0,0,0.067859208279254069,-0.33838496072136076
0,0,0,0.067000000000000004,-0.33881
0,0,0,0.066877450507001446,-0.33869788025108644
0,0,0,0.066649835065915541,-0.33878034961379871
0,0,0,0.066559999999999994,-0.33911999999999998
0,0,0,0.066586273552030048,-0.33880337914781522
0,1,1,0.025859999999999998,0.31692999999999999
0,1,1,0.030600397483132313,0.31642650402455152
0,1,1,0.028967615103491329,0.32025856619945947
0,1,1,-0.0073000000000000001,0.36036000000000001
0,1,1,-0.006157779100348904,0.36252218573970652
0,1,1,-0.028478326307170176,0.3776935642432489
0,1,1,-0.032523527786860407,0.38030060873650984
0,1,1,-0.036427310366154098,0.38268716098431826
0,1,1,-0.042509999999999479,0.38620999999999972
0,1,1,-0.045499999999999999,0.39001999999999998
0,1,1,-0.048259999999999997,0.39352999999999999
0,1,1,-0.04811,0.40106999999999993
0,1,1,-0.047910000000000001,0.40855000000000002
0,1,1,-0.050680000000000003,0.41188999999999998
0,1,1,-0.053319999999999958,0.41508999999999996
0,1,1,-0.055829999999999949,0.41814999999999997
0,1,1,-0.058500000000000003,0.42402000000000001
0,1,1,-0.06089,0.42963000000000001
0,1,1,-0.064430000000000001,0.43541999999999997
0,1,1,-0.067710000000000006,0.441
0,1,1,-0.072940000000000005,0.44323000000000001
0,1,1,-0.077899999999999997,0.44525999999999999
0,1,1,-0.082580000000000001,0.4471
0,1,1,-0.086040000000000005,0.45444000000000001
0,1,1,-0.08924,0.46162999999999998
0,1,1,-0.094960000000000003,0.46815000000000001
0,1,1,-0.10034,0.47449000000000002
0,1,1,-0.1021,0.48824000000000001
0,1,1,-0.10382,0.50197000000000003
0,1,1,-0.10546999999999999,0.51568000000000003
0,1,1,-0.10732,0.53564000000000001
0,1,1,-0.10915,0.55561000000000005
0,1,1,-0.11099000000000001,0.57557000000000003
0,1,1,-0.11479,0.58121999999999996
0,1,1,-0.11829000000000001,0.58674000000000004
0,1,1,-0.12148,0.59214999999999995
0,1,1,-0.12435,0.59745000000000004
0,1,1,-0.12911,0.61424999999999996
0,1,1,-0.13386999999999999,0.63104000000000005
0,1,1,-0.14337,0.66461999999999999
0,1,1,-0.14810000000000001,0.68140999999999996
0,1,1,-0.15756000000000001,0.71496999999999999
0,1,1,-0.16697999999999999,0.74853000000000003
0,1,1,-0.17638000000000001,0.78208999999999995
0,1,1,-0.18027000000000001,0.80122000000000004
0,1,1,-0.18415000000000001,0.82035999999999998
0,1,1,-0.18804000000000001,0.83948999999999996
0,1,1,-0.19192000000000001,0.85862000000000005
0,1,1,-0.1958,0.87775999999999998
0,1,1,-0.20355999999999999,0.91601999999999995
0,1,1,-0.21904000000000001,0.99253999999999998
0,1,1,-0.22867000000000001,1.0524199999999999
0,1,1,-0.23186999999999999,1.0723800000000001
0,1,1,-0.23508000000000001,1.0923400000000001
0,1,1,-0.23827000000000001,1.1123000000000001
0,1,1,-0.24467,1.15222
0,1,1,-0.24786,1.17218
0,1,1,-0.25105,1.1921299999999999
0,1,1,-0.25424000000000002,1.2120899999999999
0,1,1,-0.25906000000000001,1.2512700000000001
0,1,1,-0.26146999999999998,1.27085
0,1,1,-0.26386999999999999,1.29044
0,1,1,-0.26626,1.31002
0,1,1,-0.26863999999999999,1.3295999999999999
0,1,1,-0.27100999999999997,1.34917
0,1,1,-0.27338000000000001,1.3687499999999999
0,1,1,-0.27575,1.38832
0,1,1,-0.27810000000000001,1.4078900000000001
0,1,1,-0.28044999999999998,1.4274500000000001
0,1,1,-0.28138999999999997,1.4482900000000001
0,1,1,-0.28325,1.4899500000000001
0,1,1,-0.28416999999999998,1.5107699999999999
0,1,1,-0.28508,1.5316000000000001
0,1,1,-0.28598000000000001,1.5524100000000001
0,1,1,-0.28687000000000001,1.5732299999999999
0,1,1,-0.28776000000000002,1.5940399999999999
0,1,1,-0.28864000000000001,1.6148499999999999
0,1,1,-0.28950999999999999,1.6356599999999999
0,1,1,-0.29037000000000002,1.65646
0,1,1,-0.29102,1.6752800000000001
0,1,1,-0.29165999999999997,1.6940999999999999
0,1,1,-0.29296,1.7317400000000001
0,1,1,-0.29360000000000003,1.7505599999999999
0,1,1,-0.29425000000000001,1.76938
0,1,1,-0.29488999999999999,1.7882
0,1,1,-0.29554000000000002,1.8070200000000001
0,1,1,-0.29618,1.8258399999999999
0,1,1,-0.29681999999999997,1.8446499999999999
0,1,1,-0.29747000000000001,1.86347
0,1,1,-0.29810999999999999,1.88229
0,1,1,-0.29883999999999999,1.9015899999999999
0,1,1,-0.29958000000000001,1.92089
0,1,1,-0.30103999999999997,1.95949
0,1,1,-0.30177999999999999,1.97879
0,1,1,-0.30251,1.9981
0,1,1,-0.30397000000000002,2.0367000000000002
0,1,1,-0.30470999999999998,2.056
0,1,1,-0.30690000000000001,2.1139000000000001
0,1,1,-0.30697000000000002,2.1332499999999999
0,1,1,-0.30703999999999998,2.1526100000000001
0,1,1,-0.30710999999999999,2.1719599999999999
0,1,1,-0.30717,2.1913200000000002
0,1,1,-0.30735000000000001,2.2493699999999999
0,1,1,-0.30740000000000001,2.2687200000000001
0,1,1,-0.30745,2.2880600000000002
0,1,1,-0.3075,2.30741
0,1,1,-0.30754999999999999,2.3267500000000001
0,1,1,-0.30697000000000002,2.3456299999999999
0,1,1,-0.30640000000000001,2.3645100000000001
0,1,1,-0.30524000000000001,2.4022700000000001
0,1,1,-0.30467,2.4211499999999999
0,1,1,-0.30176999999999998,2.5155500000000002
0,1,1,-0.30119000000000001,2.5344199999999999
0,1,1,-0.30126999999999998,2.5711200000000001
0,1,1,-0.30131000000000002,2.5894599999999999
0,1,1,-0.30138999999999999,2.62616
0,1,1,-0.30142999999999998,2.6444999999999999
0,1,1,-0.30147000000000002,2.6628500000000002
0,1,1,-0.30151,2.68119
0,1,1,-0.30159000000000002,2.7178900000000001
0,1,1,-0.30162,2.7362299999999999
0,1,1,-0.30203000000000002,2.75406
0,1,1,-0.30323,2.80755
0,1,1,-0.30363000000000001,2.8253699999999999
0,1,1,-0.30402000000000001,2.8431999999999999
0,1,1,-0.30441000000000001,2.8610199999999999
0,1,1,-0.30480000000000002,2.8788499999999999
0,1,1,-0.30558000000000002,2.9144899999999998
0,1,1,-0.30596000000000001,2.9323100000000002
0,1,1,-0.30714999999999998,2.9514800000000001
0,1,1,-0.30834,2.9706399999999999
0,1,1,-0.30952000000000002,2.9897999999999998
0,1,1,-0.31070999999999999,3.0089700000000001
0,1,1,-0.31189,3.02813
0,1,1,-0.31308000000000002,3.0472899999999998
0,1,1,-0.31425999999999998,3.0664600000000002
0,1,1,-0.31897999999999999,3.1431
0,1,1,-0.31957000000000002,3.1627700000000001
0,1,1,-0.32016,3.1824300000000001
0,1,1,-0.32074999999999998,3.2021000000000002
0,1,1,-0.32134000000000001,3.2217600000000002
0,1,1,-0.32192999999999999,3.2414299999999998
0,1,1,-0.32251999999999997,3.2610899999999998
0,1,1,-0.32311000000000001,3.2807599999999999
0,1,1,-0.32369999999999999,3.3004199999999999
0,1,1,-0.32428000000000001,3.32009
0,1,1,-0.32486999999999999,3.33975
0,1,1,-0.32546000000000003,3.3594200000000001
0,1,1,-0.32601999999999998,3.3785500000000002
0,1,1,-0.32658999999999999,3.3976799999999998
0,1,1,-0.32716000000000001,3.41682
0,1,1,-0.32772000000000001,3.4359500000000001
0,1,1,-0.32829000000000003,3.4550800000000002
0,1,1,-0.32884999999999998,3.4742199999999999
0,1,1,-0.32941999999999999,3.49335
0,1,1,-0.32998,3.51248
0,1,1,-0.33055000000000001,3.5316200000000002
0,1,1,-0.33111000000000002,3.5507499999999999
0,1,1,-0.33167999999999997,3.5698799999999999
0,1,1,-0.33276,3.58846
0,1,1,-0.33384000000000003,3.60703
0,1,1,-0.33493000000000001,3.62561
0,1,1,-0.33709,3.66275
0,1,1,-0.33817000000000003,3.68133
0,1,1,-0.33925,3.6999
0,1,1,-0.34033999999999998,3.71848
0,1,1,-0.34250000000000003,3.75562
0,1,1,-0.34358,3.7742
0,1,1,-0.34466000000000002,3.79277
0,1,1,-0.34525,3.8122500000000001
0,1,1,-0.34583000000000003,3.8317299999999999
0,1,1,-0.34642000000000001,3.8512200000000001
0,1,1,-0.34699999999999998,3.8706999999999998
0,1,1,-0.34759000000000001,3.89018
0,1,1,-0.34816999999999998,3.9096600000000001
0,1,1,-0.34876000000000001,3.9291399999999999
0,1,1,-0.34933999999999998,3.9486300000000001
0,1,1,-0.34993000000000002,3.9681099999999998
0,1,1,-0.35050999999999999,3.98759
0,1,1,-0.35110000000000002,4.0070699999999997
0,1,1,-0.35167999999999999,4.0265500000000003
0,1,1,-0.35737999999999998,4.1212499999999999
0,1,1,-0.35851,4.1401899999999996
0,1,1,-0.35965000000000003,4.1591199999999997
0,1,1,-0.36077999999999999,4.1780600000000003
0,1,1,-0.36191000000000001,4.1969900000000004
0,1,1,-0.36303999999999997,4.2159300000000002
0,1,1,-0.36416999999999999,4.2348600000000003
0,1,1,-0.36591000000000001,4.2527299999999997
0,1,1,-0.36765999999999999,4.2706
0,1,1,-0.36940000000000001,4.2884799999999998
0,1,1,-0.37114000000000003,4.3063500000000001
0,1,1,-0.37289,4.3242200000000004
0,1,1,-0.38333,4.4314400000000003
0,1,1,-0.38483000000000001,4.4497099999999996
0,1,1,-0.38634000000000002,4.4679900000000004
0,1,1,-0.38784000000000002,4.4862599999999997
0,1,1,-0.38934000000000002,4.5045400000000004
0,1,1,-0.39084999999999998,4.5228099999999998
0,1,1,-0.39234999999999998,4.5410899999999996
0,1,1,-0.39384999999999998,4.5593599999999999
0,1,1,-0.39535999999999999,4.5776399999999997
0,1,1,-0.39835999999999999,4.6141800000000002
0,1,1,-0.39987,4.63246
0,1,1,-0.40137,4.6507300000000003
0,1,1,-0.40622999999999998,4.6875299999999998
0,1,1,-0.41106999999999999,4.7243300000000001
0,1,1,-0.41588999999999998,4.7611100000000004
0,1,1,-0.42069000000000001,4.7978899999999998
0,1,1,-0.42308000000000001,4.8162799999999999
0,1,1,-0.42547000000000001,4.8346600000000004
0,1,1,-0.42785000000000001,4.85304
0,1,1,-0.43192999999999998,4.8701499999999998
0,1,1,-0.436,4.8872600000000004
0,1,1,-0.44006000000000001,4.9043599999999996
0,1,1,-0.44409999999999999,4.9214500000000001
0,1,1,-0.44812999999999997,4.9385500000000002
0,1,1,-0.45215,4.9556399999999998
0,1,1,-0.45616000000000001,4.9727199999999998
0,1,1,-0.46015,4.9897999999999998
0,1,1,-0.46385999999999999,5.0057600000000004
0,1,1,-0.46755999999999998,5.0217099999999997
0,1,1,-0.47126000000000001,5.0376700000000003
0,1,1,-0.47494999999999998,5.0536099999999999
0,1,1,-0.47863,5.0695600000000001
0,1,1,-0.48230000000000001,5.0855100000000002
0,1,1,-0.48597000000000001,5.1014499999999998
0,1,1,-0.49180000000000001,5.1167999999999996
0,1,1,-0.49758000000000002,5.1321500000000002
0,1,1,-0.50331999999999999,5.1474799999999998
0,1,1,-0.50902000000000003,5.1627999999999998
0,1,1,-0.51466999999999996,5.1781100000000002
0,1,1,-0.52095999999999998,5.1889000000000003
0,1,1,-0.52714000000000005,5.1996700000000002
0,1,1,-0.53319000000000005,5.2104200000000001
0,1,1,-0.53913,5.2211499999999997
0,1,1,-0.54496,5.2318699999999998
0,1,1,-0.55303999999999998,5.2422700000000004
0,1,1,-0.56105000000000005,5.2526599999999997
0,1,1,-0.56896999999999998,5.2630499999999998
0,1,1,-0.57681000000000004,5.2734300000000003
0,1,1,-0.58228999999999997,5.2833100000000002
0,1,1,-0.58772000000000002,5.2931900000000001
0,1,1,-0.59311999999999998,5.3030600000000003
0,1,1,-0.60250999999999999,5.3102299999999998
0,1,1,-0.61163000000000001,5.3174099999999997
0,1,1,-0.61948635512344719,5.3237927337104614
0,1,1,-0.63461999999999996,5.3125
0,1,1,-0.64644000000000001,5.3218199999999998
0,1,1,-0.65817999999999999,5.3311599999999997
0,1,1,-0.66983999999999999,5.3405300000000002
0,1,1,-0.67534000000000005,5.34091
0,1,1,-0.68061000000000005,5.3413700000000004
0,1,1,-0.68183650014104558,5.3415021976199935
0,1,1,-0.69494999999999996,5.3251999999999997
0,1,1,-0.70420000000000005,5.3257700000000003
0,1,1,-0.71314999999999995,5.3265099999999999
0,1,1,-0.72514000000000001,5.3260399999999999
0,1,1,-0.73572581018958849,5.3257602386053904
0,1,1,-0.73884000000000005,5.3200000000000003
0,1,1,-0.75126000000000004,5.3244400000000001
0,1,1,-0.76366999999999996,5.3288900000000003
0,1,1,-0.77053000000000005,5.327
0,1,1,-0.77715999999999996,5.3253000000000004
0,1,1,-0.78852,5.3273099999999998
0,1,1,-0.79904702279417539,5.3292384015207031
0,1,1,-0.80339000000000005,5.3148499999999999
0,1,1,-0.80647000000000002,5.3125900000000001
0,1,1,-0.80942000000000003,5.3104899999999997
0,1,1,-0.8094261003566906,5.3104857965740111
0,1,1,-0.80928,5.2745699999999998
0,1,1,-0.81155999999999995,5.2703699999999998
0,1,1,-0.81376000000000004,5.2663500000000001
0,1,1,-0.81589,5.2625099999999998
0,1,1,-0.81586000000000003,5.2579900000000004
0,1,1,-0.81574000000000002,5.2536899999999997
0,1,1,-0.81555,5.2496299999999998
0,1,1,-0.81962000000000002,5.24369
0,1,1,-0.82312971966509851,5.238712740122291
0,1,1,-0.81938,5.2267099999999997
0,1,1,-0.81994999999999996,5.2225000000000001
0,1,1,-0.82049000000000005,5.21854
0,1,1,-0.82101999999999997,5.2148099999999999
0,1,1,-0.82079275568130727,5.2110173706811294
0,1,1,-0.80798999999999999,5.1903300000000003
0,1,1,-0.80922878428842737,5.185308350938187
0,1,1,-0.80468241720513811,5.1799264542260204
0,1,1,-0.77824000000000004,5.1573900000000004
0,1,1,-0.77510999999999997,5.1546599999999998
0,1,1,-0.77215,5.1522600000000001
0,1,1,-0.76854999999999996,5.1492399999999998
0,1,1,-0.76512000000000002,5.14649
0,1,1,-0.76466000000000001,5.1374700000000004
0,1,1,-0.76432999999999995,5.1286399999999999
0,1,1,-0.76000000000000001,5.1254499999999998
0,1,1,-0.75588,5.1225399999999999
0,1,1,-0.75851999999999997,5.1130199999999997
0,1,1,-0.76107971615727321,5.1041551006612087
0,1,1,-0.73658999999999997,5.0977199999999998
0,1,1,-0.73678999999999994,5.0868200000000003
0,1,1,-0.73704999999999998,5.0759600000000002
0,1,1,-0.73158000000000001,5.0744400000000001
0,1,1,-0.72638000000000003,5.0731200000000003
0,1,1,-0.72148000000000001,5.0720099999999997
0,1,1,-0.71799999999999997,5.0698800000000004
0,1,1,-0.71472999999999998,5.0678700000000001
0,1,1,-0.71165999999999996,5.0659799999999997
0,1,1,-0.70862999999999998,5.0581199999999997
0,1,1,-0.70570999999999995,5.0503200000000001
0,1,1,-0.70289999999999997,5.0425700000000004
0,1,1,-0.69832000000000005,5.0326700000000004
0,1,1,-0.69394999999999996,5.0228599999999997
0,1,1,-0.68979000000000001,5.0131300000000003
0,1,1,-0.68081999999999998,4.9570299999999996
0,1,1,-0.67784,4.9383400000000002
0,1,1,-0.67486000000000002,4.9196400000000002
0,1,1,-0.67188000000000003,4.9009499999999999
0,1,1,-0.66593999999999998,4.8635700000000002
0,1,1,-0.65837999999999997,4.8071700000000002
0,1,1,-0.65586,4.7883800000000001
0,1,1,-0.65081999999999995,4.7507799999999998
0,1,1,-0.64831000000000005,4.7319800000000001
0,1,1,-0.64578999999999998,4.71319
0,1,1,-0.64076999999999995,4.6755899999999997
0,1,1,-0.63824999999999998,4.6567999999999996
0,1,1,-0.63678999999999997,4.6375900000000003
0,1,1,-0.63534000000000002,4.6183899999999998
0,1,1,-0.63388,4.5991900000000001
0,1,1,-0.63243000000000005,4.5799799999999999
0,1,1,-0.62953000000000003,4.5415799999999997
0,1,1,-0.62809000000000004,4.5223800000000001
0,1,1,-0.62665000000000004,4.50319
0,1,1,-0.62377000000000005,4.4647899999999998
0,1,1,-0.62234,4.4455999999999998
0,1,1,-0.62083999999999995,4.42699
0,1,1,-0.61933000000000005,4.4083899999999998
0,1,1,-0.61482999999999999,4.3525900000000002
0,1,1,-0.61333000000000004,4.3339800000000004
0,1,1,-0.61182000000000003,4.3153800000000002
0,1,1,-0.60731999999999997,4.2595799999999997
0,1,1,-0.60582000000000003,4.2409699999999999
0,1,1,-0.60431999999999997,4.2223699999999997
0,1,1,-0.60316000000000003,4.20303
0,1,1,-0.60201000000000005,4.1836900000000004
0,1,1,-0.60085,4.1643499999999998
0,1,1,-0.59970000000000001,4.1450100000000001
0,1,1,-0.59855999999999998,4.1256700000000004
0,1,1,-0.59741,4.1063400000000003
0,1,1,-0.59626999999999997,4.0869999999999997
0,1,1,-0.59513000000000005,4.0676699999999997
0,1,1,-0.59399999999999997,4.04833
0,1,1,-0.59286000000000005,4.0289999999999999
0,1,1,-0.59060000000000001,3.9903400000000002
0,1,1,-0.5907,3.9500000000000002
0,1,1,-0.59075,3.92984
0,1,1,-0.59080999999999995,3.9096700000000002
0,1,1,-0.59086000000000005,3.88951
0,1,1,-0.59092,3.8693399999999998
0,1,1,-0.59104000000000001,3.8290199999999999
0,1,1,-0.59111000000000002,3.8088600000000001
0,1,1,-0.59116999999999997,3.7887
0,1,1,-0.59123999999999999,3.7685399999999998
0,1,1,-0.59089000000000003,3.7483
0,1,1,-0.59055000000000002,3.7280700000000002
0,1,1,-0.59019999999999995,3.70783
0,1,1,-0.58986000000000005,3.6876000000000002
0,1,1,-0.58950999999999998,3.66737
0,1,1,-0.58916999999999997,3.6471300000000002
0,1,1,-0.58882000000000001,3.6269
0,1,1,-0.58814,3.5864400000000001
0,1,1,-0.58779000000000003,3.5661999999999998
0,1,1,-0.58745000000000003,3.5459700000000001
0,1,1,-0.58779000000000003,3.5262099999999998
0,1,1,-0.58814,3.5064500000000001
0,1,1,-0.58848,3.4866999999999999
0,1,1,-0.58916000000000002,3.4471799999999999
0,1,1,-0.58950999999999998,3.4274200000000001
0,1,1,-0.59018999999999999,3.3879000000000001
0,1,1,-0.59053999999999995,3.36815
0,1,1,-0.59121999999999997,3.32863
0,1,1,-0.58977999999999997,3.27529
0,1,1,-0.58931,3.25752
0,1,1,-0.58835000000000004,3.2219600000000002
0,1,1,-0.58787999999999996,3.2041900000000001
0,1,1,-0.58740999999999999,3.18641
0,1,1,-0.58692999999999995,3.1686399999999999
0,1,1,-0.58645999999999998,3.1508600000000002
0,1,1,-0.58599000000000001,3.1330900000000002
0,1,1,-0.58552000000000004,3.11531
0,1,1,-0.58477999999999997,3.0973600000000001
0,1,1,-0.58328000000000002,3.0614599999999998
0,1,1,-0.58253999999999995,3.0435099999999999
0,1,1,-0.58179000000000003,3.02555
0,1,1,-0.58104999999999996,3.0076000000000001
0,1,1,-0.58030000000000004,2.9896500000000001
0,1,1,-0.57955999999999996,2.9716999999999998
0,1,1,-0.57881000000000005,2.9537499999999999
0,1,1,-0.57806999999999997,2.9358
0,1,1,-0.57732000000000006,2.9178500000000001
0,1,1,-0.57628000000000001,2.8782299999999998
0,1,1,-0.57574999999999998,2.8584299999999998
0,1,1,-0.57523000000000002,2.8386200000000001
0,1,1,-0.57471000000000005,2.8188200000000001
0,1,1,-0.57418000000000002,2.79901
0,1,1,-0.57365999999999995,2.77921
0,1,1,-0.57313999999999998,2.7593999999999999
0,1,1,-0.57260999999999995,2.7395900000000002
0,1,1,-0.57208999999999999,2.7197900000000002
0,1,1,-0.57157000000000002,2.69998
0,1,1,-0.57106999999999997,2.67991
0,1,1,-0.56906999999999996,2.5995900000000001
0,1,1,-0.56857999999999997,2.57952
0,1,1,-0.56657999999999997,2.4992000000000001
0,1,1,-0.56608000000000003,2.4791300000000001
0,1,1,-0.56589999999999996,2.4598499999999999
0,1,1,-0.56571000000000005,2.4405700000000001
0,1,1,-0.56552000000000002,2.4213
0,1,1,-0.56533999999999995,2.4020199999999998
0,1,1,-0.56515000000000004,2.3827400000000001
0,1,1,-0.56496999999999997,2.36347
0,1,1,-0.56477999999999995,2.3441900000000002
0,1,1,-0.56459999999999999,2.32491
0,1,1,-0.56442000000000003,2.3056399999999999
0,1,1,-0.56423000000000001,2.2863600000000002
0,1,1,-0.56405000000000005,2.26709
0,1,1,-0.56386999999999998,2.2478099999999999
0,1,1,-0.56383000000000005,2.2294900000000002
0,1,1,-0.56379000000000001,2.2111800000000001
0,1,1,-0.56371000000000004,2.1745399999999999
0,1,1,-0.56367,2.1562299999999999
0,1,1,-0.56359000000000004,2.1195900000000001
0,1,1,-0.56355999999999995,2.10128
0,1,1,-0.56347999999999998,2.0646399999999998
0,1,1,-0.56344000000000005,2.0463300000000002
0,1,1,-0.56250999999999995,2.02833
0,1,1,-0.56064999999999998,1.9923500000000001
0,1,1,-0.55972999999999995,1.9743599999999999
0,1,1,-0.55879999999999996,1.9563699999999999
0,1,1,-0.55696000000000001,1.92039
0,1,1,-0.55605000000000004,1.9024000000000001
0,1,1,-0.55513000000000001,1.8844099999999999
0,1,1,-0.55330999999999997,1.8484499999999999
0,1,1,-0.55223999999999995,1.82921
0,1,1,-0.55115999999999998,1.8099799999999999
0,1,1,-0.54901999999999995,1.77152
0,1,1,-0.54793999999999998,1.7522899999999999
0,1,1,-0.54579999999999995,1.71383
0,1,1,-0.54471999999999998,1.6946000000000001
0,1,1,-0.54364999999999997,1.67537
0,1,1,-0.54257,1.6561399999999999
0,1,1,-0.54149999999999998,1.6369100000000001
0,1,1,-0.54125999999999996,1.61788
0,1,1,-0.54101999999999995,1.5988599999999999
0,1,1,-0.54078999999999999,1.5798399999999999
0,1,1,-0.54030999999999996,1.5418000000000001
0,1,1,-0.54008,1.52278
0,1,1,-0.53983999999999999,1.50376
0,1,1,-0.53961000000000003,1.4847399999999999
0,1,1,-0.53937000000000002,1.4657199999999999
0,1,1,-0.53913999999999995,1.4467000000000001
0,1,1,-0.53890000000000005,1.4276800000000001
0,1,1,-0.53805000000000003,1.40829
0,1,1,-0.53718999999999995,1.3889100000000001
0,1,1,-0.53634000000000004,1.3695200000000001
0,1,1,-0.53547999999999996,1.3501399999999999
0,1,1,-0.53463000000000005,1.3307500000000001
0,1,1,-0.53378000000000003,1.3113699999999999
0,1,1,-0.53291999999999995,1.29199
0,1,1,-0.53207000000000004,1.2726
0,1,1,-0.53122000000000003,1.25322
0,1,1,-0.53037999999999996,1.23384
0,1,1,-0.52952999999999995,1.2144600000000001
0,1,1,-0.52630999999999994,1.1772199999999999
0,1,1,-0.52471000000000001,1.1586000000000001
0,1,1,-0.52310000000000001,1.13998
0,1,1,-0.52149999999999996,1.1213599999999999
0,1,1,-0.51990000000000003,1.1027499999999999
0,1,1,-0.51831000000000005,1.08413
0,1,1,-0.51671,1.06552
0,1,1,-0.51512000000000002,1.0468999999999999
0,1,1,-0.51353000000000004,1.0282899999999999
0,1,1,-0.51195000000000002,1.0096799999999999
0,1,1,-0.50971,0.99182999999999999
0,1,1,-0.50749,0.97399000000000002
0,1,1,-0.50526000000000004,0.95616000000000001
0,1,1,-0.50304000000000004,0.93832000000000004
0,1,1,-0.50083,0.92047999999999996
0,1,1,-0.49862000000000001,0.90264999999999995
0,1,1,-0.49202000000000001,0.84916000000000003
0,1,1,-0.48982999999999999,0.83133000000000001
0,1,1,-0.48764999999999997,0.81350999999999996
0,1,1,-0.48398000000000002,0.79722000000000004
0,1,1,-0.48032999999999998,0.78093000000000001
0,1,1,-0.47669,0.76465000000000005
0,1,1,-0.47305999999999998,0.74836999999999998
0,1,1,-0.46944000000000002,0.73209000000000002
0,1,1,-0.46583999999999998,0.71582000000000001
0,1,1,-0.46224999999999999,0.69955999999999996
0,1,1,-0.45867000000000002,0.68328999999999995
0,1,1,-0.45429000000000003,0.67042999999999997
0,1,1,-0.44996000000000003,0.65756999999999999
0,1,1,-0.44568999999999998,0.64473999999999998
0,1,1,-0.44146999999999997,0.63190999999999997
0,1,1,-0.43730999999999998,0.61909999999999998
0,1,1,-0.43131999999999998,0.60577000000000003
0,1,1,-0.42538999999999999,0.59245999999999999
0,1,1,-0.41952,0.57915000000000005
0,1,1,-0.41369,0.56586000000000003
0,1,1,-0.40790999999999999,0.55257000000000001
0,1,1,-0.4022,0.54074999999999995
0,1,1,-0.39651999999999998,0.52893000000000001
0,1,1,-0.39089000000000002,0.51712999999999998
0,1,1,-0.38530999999999999,0.50531999999999999
0,1,1,-0.37978000000000001,0.49353000000000008
0,1,1,-0.37173,0.48010999999999998
0,1,1,-0.36374000000000001,0.46671000000000001
0,1,1,-0.35582000000000003,0.45329999999999998
0,1,1,-0.34794999999999998,0.43990000000000001
0,1,1,-0.34005999999999997,0.42785999999999996
0,1,1,-0.33224999999999999,0.41582000000000008
0,1,1,-0.32450999999999997,0.40378999999999993
0,1,1,-0.31835000000000002,0.40198
0,1,1,-0.31245999999999996,0.40016000000000002
0,1,1,-0.30685000000000007,0.39833000000000002
0,1,1,-0.29790999999999995,0.39295999999999998
0,1,1,-0.28916999999999998,0.38757999999999998
0,1,1,-0.28061999999999998,0.38217000000000001
0,1,1,-0.27233000000000002,0.37885000000000002
0,1,1,-0.26428000000000007,0.37549000000000005
0,1,1,-0.25496000000000002,0.3654
0,1,1,-0.24565999999999996,0.35529999999999995
0,1,1,-0.23638000000000001,0.34521000000000002
0,1,1,-0.22858999999999993,0.34284999999999999
0,1,1,-0.22102999999999998,0.34043000000000001
0,1,1,-0.21370000000000003,0.33794000000000002
0,1,1,-0.20503000000000002,0.33456999999999998
0,1,1,-0.19650000000000001,0.33115
0,1,1,-0.18814000000000003,0.32767000000000002
0,1,1,-0.17973999999999996,0.32514999999999999
0,1,1,-0.17149000000000003,0.32256000000000001
0,1,1,-0.16341000000000003,0.31991000000000003
0,1,1,-0.15709000000000004,0.32046000000000002
0,1,1,-0.15094999999999997,0.32092999999999999
0,1,1,-0.14498999999999995,0.32129999999999997
0,1,1,-0.13411000000000001,0.31970999999999999
0,1,1,-0.12347999999999998,0.31797999999999998
0,1,1,-0.11006000000000003,0.31267
0,1,1,-0.096670000000000006,0.30732999999999999
0,1,1,-0.083330000000000098,0.30196000000000006
0,1,1,-0.074339999999999989,0.30157
0,1,1,-0.065520000000000106,0.30103999999999997
0,1,1,-0.056870000000000004,0.30038999999999999
0,1,1,-0.049679999999999995,0.30253999999999998
0,1,1,-0.042690000000000033,0.30451
0,1,1,-0.035889999999999991,0.30630000000000002
0,1,1,-0.021609999999999935,0.30532999999999999
0,1,1,-0.007420000000000003,0.30426999999999998
0,1,1,-0.0022299999999999924,0.30809999999999998
0,1,1,0.0028199999999999536,0.31177999999999995
0,1,1,0.0077299999999999817,0.31530999999999998
0,1,1,0.013920000000000021,0.31603999999999999
0,1,1,0.019959999999999985,0.31657999999999997
0,1,1,0.025859999999999998,0.31692999999999999
