s_m,x_m,y_m,heading_rad,curvature_per_m,speed_m_per_s
0,0.0016889672245507992,0.0016089301433120015,0.40278308326145934,3.6896981010334584,0.78103018989665429
0.0001100503870260052,0.001795164607426424,0.0015800648777677269,0.40278308326145934,3.6896981010334584,0.78103018989665429
0.0058481404929915104,0.0069682730815764831,-0.00090280176763553961,0.40278308326145934,3.6896981010334584,0.78103018989665429
0.0092918338636201001,0.0082192770962100543,0.0023056266617176818,0.40278308326145934,3.6896981010334584,0.78103018989665429
0.015414647342583104,0.013573194607948315,-0.00066496455480360647,0.40278308326145934,3.6896981010334584,0.78103018989665429
0.022983698323316246,0.02083319801768042,0.0014758024198144942,0.40278308326145934,3.6896981010334584,0.78103018989665429
0.030251717214436393,0.027870425267006303,0.0032928140441649259,0.40278308326145934,3.6896981010334584,0.78103018989665429
0.038388930258278206,0.035956449425292185,0.0023815240615104312,0.40348516824804154,3.8385614617332888,0.76614385382667116
0.04605034862556473,0.042694985348928557,0.0060269959108678545,0.42388433690193716,3.663277666067053,0.78367223339329484
0.055492177583597271,0.051733821417152083,0.0087560207558488104,0.5066973348038557,4.0846032552843594,0.7415396744715641
0.065479944587392286,0.059424612063047853,0.015128400920520282,0.56409098174910133,4.3089071306977269,0.71910928693022735
0.079390244039758931,0.07047286125333313,0.02358018302158468,0.63910520245872304,4.7285384351698889,0.67714615648301113
0.092064380720151134,0.079731813831460954,0.03223498156050187,0.70250275476514179,4.1379614683916177,0.73620385316083836
0.10567907063813019,0.091111105499068007,0.039709705816703501,0.76142454619145528,3.9419008167910459,0.7558099183208955
0.11925570842845287,0.10167701120188802,0.048235357133097678,0.78425480894691169,3.6850570893463637,0.78149429106536372
0.13699426363907899,0.11435403209193898,0.060642995196550468,0.84992345509941247,3.3809653631919105,0.81190346368080901
0.15607544691685432,0.12550169918818602,0.076129152679648204,0.92009684786454515,3.4574176382225645,0.80425823617774361
0.17638053235979348,0.13865038658446721,0.091601984178760962,0.9981465716821748,2.9606350434564246,0.85393649565435759
0.19768349232121568,0.14849228184772373,0.11049518932624842,1.0695042262407706,2.7598147531661303,0.87401852468338703
0.22177941964403375,0.16078046219226502,0.13122232944172404,1.1365053597517576,2.4542657599769009,0.90457342400231
0.24488488044691584,0.16908162128217386,0.1527851000586356,1.1672128839835214,2.2632575883363848,0.92367424116636165
0.27267038942918237,0.17905704539674647,0.17871819519087959,1.2394813124109836,2.3352013624461776,0.91647986375538237
0.30223921644542795,0.18944660050763332,0.20640163203883072,1.3062445665119495,2.3952299309980356,0.91047700690019651
0.33046736856570147,0.19608016175934945,0.23383927838914717,1.3687199812126769,2.3569704840309589,0.91430295159690422
0.36288491694310887,0.19976436833618827,0.26604679404466969,1.4642447038326838,2.2949235357959239,0.92050764642040772
0.39490979467849496,0.20346534430636184,0.29785710009215416,1.5243201041775511,1.4155160512660923,1.0084483948733909
0.42790486373765385,0.20275660482025659,0.33084455635297394,1.5918663238862418,0.67223810359316372,1.0827761896406838
0.48120982110862337,0.20307100484940668,0.38414858652839828,1.6314851980653047,0.90030699316817986,1.0599693006831821
0.53812915757943747,0.19608519596691751,0.4406376061564205,1.6204307348698097,0.51084524845508572,1.0989154751544916
0.59957829061877799,0.19721291671117169,0.50207639030136875,1.7461083132760484,0.24485547538109834,1.1000000000000001
0.80615685533435255,0.14959650449101464,0.70309226203100827,1.7966902059430254,0.1311081455670339,1.1000000000000001
1.012751600401758,0.10467341732837079,0.9047437061846364,1.7696039520333438,0.14113074394324573,1.1000000000000001
1.2260086892591826,0.066692218791937291,1.114591304468914,1.7395068204317246,0.25546226857430476,1.1000000000000001
1.427494997552081,0.035037262394847814,1.3135754650571358,1.688034671028559,0.2610786486110227,1.1000000000000001
1.6398528674587385,0.01832258596671223,1.5252745073393237,1.6325925653314135,0.077563242699760421,1.1000000000000001
1.8606425449935442,0.0082911216439180042,1.7458361799605295,1.6154674019871795,0.039959159958733143,1.1000000000000001
2.089673663177241,-0.0017647044732980852,1.9746464364124088,1.6063155109001497,0.15873053786696828,1.1000000000000001
2.2928300343513377,-0.0070559871822272382,2.1777338891905691,1.5740683908325839,0.077854680820435049,1.1000000000000001
2.4958123291174585,-0.0030932688534816098,2.3806774992204671,1.5582652690613681,0.050765847759532516,1.1000000000000001
2.7007303750236447,-0.0019448220182260109,2.5855923269120629,1.5686681073830224,0.13567154427564407,1.1000000000000001
2.9051829423635844,-0.0022220443014268074,2.7900447063056477,1.5964065029251522,0.083188321390382527,1.1000000000000001
3.1217180250569596,-0.0127222175721277,3.0063250530741699,1.6144196929765418,0.058898993480579628,1.1000000000000001
3.3343676354343357,-0.020938360124582635,3.2188158806296379,1.6018948449612769,0.040382867311450084,1.1000000000000001
3.5475219845266786,-0.025961579171564542,3.4319110326331184,1.6105026287575315,0.020420528403111201,1.1000000000000001
3.7721517000687652,-0.038314431867040394,3.6562008365360215,1.6150896862439414,0.026549401268371259,1.1000000000000001
4.0041847023350954,-0.046180965659239251,3.8881004522899567,1.6089293489592678,0.11244930556818071,1.1000000000000001
4.2201462219646295,-0.055393513270458855,4.1038653867144568,1.6332140718710579,0.086935553458862488,1.1000000000000001
4.4228943643800092,-0.072293488018500135,4.3059079567495919,1.6508400938446952,0.034481095420164615,1.1000000000000001
4.6452317168600015,-0.08938245575987859,4.5275876028367925,1.6585065293110246,0.20127888638176997,1.1000000000000001
4.862348690052432,-0.11078642592194995,4.7436469699319126,1.7022075918897777,0.31721586003311142,1.1000000000000001
5.0172395652779338,-0.13809143495632234,4.8961121125375415,1.7513414340857165,0.26774389512459329,1.1000000000000001
5.1417958228383061,-0.16096524034269014,5.0185500573283308,1.7846906116470727,0.58440464678965853,1.0915595353210343
5.2403980278708158,-0.18543510485854992,5.1140677026502743,1.8423141984517781,0.83285927719841946,1.0667140722801582
5.3290468024076336,-0.21117282983491817,5.198897972836809,1.935978886582244,0.93071087578506195,1.0569289124214938
5.398266015861398,-0.24163290819082364,5.2610548963265531,1.9975442040293447,1.0483930061745366,1.0451606993825464
5.4415699232330663,-0.25771644673029698,5.3012612164976813,2.029074280087209,1.7904071131078574,0.97095928868921433
5.4990703006844788,-0.28612773384201645,5.3512521373904827,2.1139898109650019,1.7217069215057363,0.97782930784942645
5.5360120030163884,-0.30650450098946713,5.3820657177049798,2.2433713545859577,1.9716182314114461,0.95283817685885541
5.594475843086693,-0.34541934299320926,5.4256966203725838,2.2911810052901487,1.9659696370425477,0.9534030362957453
5.6313585982388279,-0.36939900929985214,5.4537200611219703,2.3743164520611781,2.5829048958700236,0.89170951041299773
5.6629053923514814,-0.39405424610388329,5.4734004959983471,2.4921034182875479,2.3317345399572189,0.91682654600427815
5.6980242730107538,-0.42252748886161201,5.4939579818762381,2.5571735581317467,2.0904542506176629,0.94095457493823376
5.735968930130527,-0.45678733128442239,5.5102693337853035,2.6170245829383929,1.7354406793205943,0.97645593206794068
5.7520157276183079,-0.4695632042564446,5.5199789568169457,2.673221334918888,1.5383608703563321,0.9961639129643669
5.7833835356470793,-0.49787804277986697,5.5334774493224952,2.6904391920180641,1.1733534463055342,1.0326646553694467
5.8120142792767036,-0.5239643466784758,5.5452767810702968,2.7497613368261029,1.8735073429351825,0.96264926570648179
5.8439924245845942,-0.55363966423148625,5.557192204078337,2.7811040022619573,2.2675229937766352,0.92324770062233652
5.8729492505374878,-0.58119123664580519,5.5661033558986537,2.8811308216096991,3.0053881243747322,0.84946118756252686
5.9022988982415781,-0.60903634166801712,5.5753797747473364,2.9543848350684265,3.1929706075477893,0.83070293924522121
5.935602172081766,-0.6423085705205468,5.5768174240993886,3.0540376625479633,3.1321082210092559,0.83678917789907448
5.9616767407156122,-0.66829890338077835,5.578911636900302,-3.1117347379182787,3.0407339519163346,0.84592660480836668
5.9909378481758031,-0.69744394106196839,5.5763079494461589,-3.0388795145746905,3.126329801776266,0.83736701982237349
6.016718346274506,-0.72285860735886309,5.5719802688624416,-2.9579553136490442,2.7576794337409902,0.87423205662590109
6.0458580710610361,-0.75128773257111447,5.5655843013593325,-2.8952275341302887,2.8125681743513398,0.86874318256486616
6.0702146437648716,-0.7747751699323997,5.5591358193614555,-2.811340373961813,2.9766839686093158,0.85233160313906853
6.1000356416482449,-0.80307850766882571,5.5497436424179583,-2.7314517075529627,2.9941830904148663,0.85058169095851344
6.1276277064277194,-0.82713650563196539,5.5362330993940718,-2.65709314682814,3.1166887536365477,0.83833112463634529
6.1526946326771004,-0.8485945785164386,5.5232754028519953,-2.5565806511601434,3.038565653306041,0.8461434346693959
6.1793940799687395,-0.87087055099268795,5.5085566550820122,-2.4985440046582132,3.4962262852347257,0.80037737147652743
6.1983439405227641,-0.88474613906692234,5.4956506382444621,-2.4155824766876388,3.3277350519312892,0.81722649480687115
6.2214481604687109,-0.9019215590865336,5.4801971620510415,-2.3642166696681541,3.5873325279493136,0.79126674720506873
6.244051078291748,-0.91653910512022441,5.4629571144273283,-2.2529470093760815,2.9770886317509428,0.85229113682490576
6.2645891956603315,-0.93053187705212637,5.4479232659942927,-2.1861443145232942,3.1424886559986249,0.8357511344001376
6.2843100041987103,-0.94168946112174079,5.4316623125432528,-2.1235337617318173,2.3210484972950902,0.91789515027049107
6.3152648460695895,-0.95573227240117442,5.4040760535250145,-2.0706390515864226,2.2586497166487711,0.92413502833512295
6.3361559438343154,-0.96454579398822204,5.385135097819191,-2.0064889389362093,2.4696232530977924,0.90303767469022089
6.36687400484678,-0.97947963953705064,5.3582914853668919,-1.9694710100374113,2.3099990527681475,0.91900009472318533
6.3855756417995098,-0.9842623583143264,5.3402117501418065,-1.9142725399093234,2.3936460510368938,0.91063539489631073
6.4153062248075647,-0.99440596821057603,5.312265109122329,-1.8012056123294735,2.657947415771702,0.88420525842282993
6.44565877901357,-1.0011890854416805,5.2826801996673787,-1.7711997702899585,2.2915468599062514,0.92084531400937497
6.4762911584010796,-1.004363083635343,5.2522127021920859,-1.6743514239050938,2.3319110752706309,0.91680889247293695
6.5057993922143265,-1.0080837836679188,5.2229399801791807,-1.5941270885471794,1.7480957617418305,0.975190423825817
6.5466999754265363,-1.007939890607616,5.1820396500841062,-1.5359875674380719,0.64293533527086399,1.0857064664729137
6.6004735815335218,-1.0047901847464562,5.128358367808648,-1.4578408995831367,0.16868556175607274,1.1000000000000001
6.7599192991137969,-0.98391875859889677,4.9702845862215179,-1.4309447091435079,0.089419002990764579,1.1000000000000001
6.9631077243855968,-0.9542418279454562,4.7692750940291724,-1.4491136155505757,0.15274711626983498,1.1000000000000001
7.1655410649802738,-0.93469863158467603,4.5677873255162318,-1.4800347245632819,0.032381353116173794,1.1000000000000001
7.3873323219856006,-0.91579198202675005,4.3468033888002413,-1.4872166255744514,0.15411443850455342,1.1000000000000001
7.6095159432667945,-0.89763458929069051,4.125362943861532,-1.521458329613111,0.13265965096884935,1.1000000000000001
7.8227178255920977,-0.89433144646111717,3.9121866509148262,-1.5497416169082874,0.062748697962919681,1.1000000000000001
8.0412174543415542,-0.88854604788295088,3.6937636280281754,-1.5634521841176972,0.036445620904998942,1.1000000000000001
8.2562196706446329,-0.89114836810239606,3.4787771611408118,-1.5712880733868138,0.10247688114643971,1.1000000000000001
8.4763518354514584,-0.88876000963294222,3.2586579531503213,-1.5487296156973962,0.046085919972348892,1.1000000000000001
8.6767449375730354,-0.88187015282573766,3.0583833285692599,-1.5394943152300105,0.013719189528263509,1.1000000000000001
8.893789143650821,-0.875695573348648,2.8414269689938432,-1.5424719858292031,0.022527139678310132,1.1000000000000001
9.1132311626912816,-0.86950862129099249,2.6220721848089741,-1.547415386843418,0.061872135969885757,1.1000000000000001
9.3403370816368998,-0.86525593108964693,2.3950060864010756,-1.5614669151399871,0.022617116959707029,1.1000000000000001
9.543207057008253,-0.86549745563953773,2.1921362548019312,-1.5568785811794004,0.14300641415553275,1.1000000000000001
9.7501755978222757,-0.85955272510103375,1.9852531064657015,-1.5272807523145839,0.014597855433155955,1.1000000000000001
9.9611274716911744,-0.84731909820095408,1.7746562606638958,-1.5303601972726755,0.069072094482355226,1.1000000000000001
10.166091422655221,-0.84274195840971144,1.5697434231301692,-1.5445174866591409,0.091788216784027821,1.1000000000000001
10.385556755836884,-0.83616695364593641,1.3503766029843354,-1.5243731550804835,0.14249404474191193,1.1000000000000001
10.600210038109546,-0.82259882335020018,1.1361525673797728,-1.4937863406723246,0.20463681192371883,1.1000000000000001
10.810745644341917,-0.80345867485509925,0.92648879796021544,-1.4507030054165049,0.3347401076615259,1.1000000000000001
10.958655948847131,-0.77968106640336543,0.78050221119574292,-1.4011914941621808,0.54387715458931862,1.0956122845410683
11.04511209235962,-0.76390153689454887,0.69549826305489215,-1.3369326083898212,0.69221957506843312,1.0807780424931568
11.135882394336054,-0.738660516172572,0.60830801937014367,-1.2740996285268604,0.70036818386918598,1.0799631816130815
11.21845934764716,-0.71322743104408337,0.52974523302067866,-1.2153435087876905,0.72883842425969159,1.0771161575740309
11.296339749872502,-0.68287210507246621,0.45802416752428599,-1.1611978028650725,1.0670327370043349,1.0432967262995665
11.352364099441795,-0.65990420594049859,0.4069242325524467,-1.1164985595920089,1.407958459371552,1.0092041540628449
11.391167929326636,-0.64128906289992205,0.37287700559766235,-1.0311983588587719,1.7789062890548495,0.97210937109451512
11.440884046514835,-0.61232848188944444,0.3324668947860554,-0.95842718844359254,1.1784086759340329,1.0321591324065968
11.472610535656225,-0.59273422522052843,0.30751423523178378,-0.90307314140677053,1.2868443048604745,1.0213155695139526
11.521268856820777,-0.5630114744849708,0.2689890446772305,-0.87791420659623209,1.2403428279302844,1.0259657172069716
11.565921680861853,-0.5331725537543589,0.23576987092959503,-0.7976181101605615,1.597375523234726,0.99026244767652749
11.611368601333016,-0.50013741460385086,0.20455926116915199,-0.73132307102655758,1.6514792463786583,0.98485207536213426
11.655600584057153,-0.4663695424034246,0.17599006267209891,-0.66367241914574904,1.6963086454122567,0.98036913545877447
11.691733853083196,-0.43657936986832457,0.15554113236175232,-0.59024798501725784,1.323659856451213,1.0176340143548788
11.729285240327036,-0.40486551661462911,0.13543296994596205,-0.53165393393278981,1.2338259101339628,1.0266174089866038
11.783129262252183,-0.35782997970231462,0.10922539538351927,-0.4949986899769091,1.3722659140689073,1.0127734085931093
11.830223224899544,-0.31605222895515589,0.087489230580608104,-0.41947180111217286,1.5412128720400249,0.9958787127959976
11.872911966574762,-0.27616717856803918,0.072273731199036489,-0.33492463827849167,1.6973299703641687,0.98026700296358316
11.911989161658312,-0.23865818161363303,0.061314610656211216,-0.29704214593785444,1.6685746053008916,0.98314253946991093
11.945971814428452,-0.20508360154910607,0.056064061848076392,-0.22371455159929957,1.2858242712711148,1.0214175728728887
11.988332839687372,-0.16535594398999665,0.041361351694739007,-0.14296816560127348,1.3479315977899418,1.0152068402210059
12.028580983921762,-0.12525369982133866,0.037937446475609829,-0.14815797390133581,0.63310077685315613,1.0866899223146844
12.064984822807228,-0.088895322478568614,0.039756205008163473,-0.065565565847951243,0.55189244999152431,1.0948107550008477
12.103570892012165,-0.050896248646188511,0.033051346727065709,-0.07031291239526366,0.57114414260062651,1.0928855857399373
12.107336560490037,-0.054517631773221109,0.034083743614161305,-0.070228560639191834,0.67350742576494682,1.0826492574235054
12.10904471046824,-0.05292966713168968,0.034713143840790613,-0.080812562865272067,0.55292778237526319,1.0947072217624738
12.110548506771144,-0.053827095106200165,0.033506484671350395,-0.056848585477433031,0.75803823112716062,1.0741961768872841
12.111928276819086,-0.054906283267259014,0.032646764776136449,-0.079689437124229406,0.53482995789193066,1.096517004210807
12.113887440672871,-0.053126943483062385,0.033466687295860741,-0.069509585416283604,0.53456571283769572,1.0965434287162306
12.114468470171447,-0.053654810055152803,0.033709487955427282,-0.067560310921286684,0.53436915997423895,1.0965630840025762
12.115861661160244,-0.05385885779495532,0.032331320457934555,-0.077771606327992931,0.52884710639014743,1.0971152893609852
12.117797541455014,-0.052690606374913178,0.033874959384383264,-0.080534993123529214,0.53455014940430801,1.0965449850595692
12.118944539485179,-0.05303461175451045,0.03496915533576099,-0.069903891358054193,0.53423260867203393,1.0965767391327967
12.120507519970968,-0.053438302127767172,0.033459207627561785,-0.057919105446743169,0.53443638136469795,1.0965563618635303
12.121817399813377,-0.052716521506594095,0.032366130349208495,-0.082798935831592368,0.53443638136469795,1.0965563618635303
12.122448441314152,-0.053181087465596015,0.032793203932373283,-0.082798935831592368,0.53443638136469795,1.0965563618635303
12.124113192304414,-0.0516491923073812,0.033444888736410973,-0.082798935831592368,0.53443638136469795,1.0965563618635303
12.12573600192899,-0.053126789082091154,0.032773905242585423,-0.082798935831592368,0.53443638136469795,1.0965563618635303
12.126728149626484,-0.053021075395000443,0.03376040494861763,-0.082798935831592368,0.53443638136469795,1.0965563618635303
12.127048486360758,-0.053036274655372563,0.033440429002944728,-0.082798935831592368,0.53443638136469795,1.0965563618635303
12.129117965512632,-0.051210488471020575,0.032466135018014181,-0.082798935831592368,0.53443638136469795,1.0965563618635303
12.129893079428269,-0.051903115102502104,0.032814086065688655,-0.082798935831592368,0.53443638136469795,1.0965563618635303
12.131361484994722,-0.053284505703154975,0.032316115267332871,-0.082798935831592368,0.53443638136469795,1.0965563618635303
12.132686675006696,-0.053061800314172083,0.033622457824838733,-0.082798935831592368,0.53443638136469795,1.0965563618635303
12.133122473277055,-0.052653482470724225,0.033470153290530345,-0.082798935831592368,0.53443638136469795,1.0965563618635303
12.133575298000773,-0.053023925975630486,0.033209727024415277,-0.082798935831592368,0.53443638136469795,1.0965563618635303
12.135287982075008,-0.052421504268681411,0.034812965879089164,-0.082798935831592368,0.53443638136469795,1.0965563618635303
12.138147092616247,-0.053157187204544709,0.032050126089143427,-0.082798935831592368,,
